346910,The Predator
400155,Hotel Transylvania 3: Summer Vacation
383498,Deadpool 2
402900,Ocean's Eight
284053,Thor: Ragnarok
363088,Ant-Man and the Wasp
446894,Smallfoot
454293,Night School
466282,To All the Boys I've Loved Before
489925,Eighth Grade
463272,Johnny English Strikes Again
523873,Kung Fu League
159824,Hotel Transylvania 2
454983,The Kissing Booth
293660,Deadpool
20352,Despicable Me
283995,Guardians of the Galaxy Vol. 2
808,Shrek
354912,Coco
291805,Now You See Me 2
269149,Zootopia
150540,Inside Out
519035,Nappily Ever After
455980,Tag
414919,Hart Beat
507562,Crayon Shin-chan: Burst Serving! Kung Fu Boys ~Ramen Rebellion~
458423,Mamma Mia! Here We Go Again
455207,Crazy Rich Asians
491633,Marvel Rising: Secret Warriors
207703,Kingsman: The Secret Service
98566,Teenage Mutant Ninja Turtles
487558,BlacKkKlansman
462919,Sierra Burgess Is a Loser
445571,Game Night
425,Ice Age
499573,Top End Wedding
474335,Uncle Drew
463958,Gulebakavali
506775,Nekrotronic
513194,Ausgerechnet Sylt
512236,Chuck Steel : Night of the Trampires
257344,Pixels
166426,Pirates of the Caribbean: Dead Men Tell No Tales
194662,Birdman
541099,DeadTectives
93456,Despicable Me 2
510531,Fette Kumpelz
527343,Rendezvous in Chicago
460668,I Feel Pretty
313369,La La Land
76492,Hotel Transylvania
106646,The Wolf of Wall Street
218746,Young Mother
214756,Ted 2
455656,#RealityHigh
608,Men in Black II
585,"Monsters, Inc."
260514,Cars 3
335797,Sing
9486,Johnny English
62177,Brave
512030,Oma ist verknallt
181533,Night at the Museum: Secret of the Tomb
257445,Goosebumps
339117,Kalpana
526486,Serial Kelly
177572,Big Hero 6
14160,Up
437557,Blockers
440161,The Sisters Brothers
58233,Johnny English Reborn
449176,"Love, Simon"
49013,Cars 2
310,Bruce Almighty
370567,Sherlock Gnomes
171274,Inherent Vice
547497,Quarterbacks
270946,Penguins of Madagascar
353486,Jumanji: Welcome to the Jungle
9502,Kung Fu Panda
18785,The Hangover
49519,The Croods
399174,Isle of Dogs
950,Ice Age: The Meltdown
2062,Ratatouille
339846,Baywatch
809,Shrek 2
254470,Pitch Perfect 2
431530,A Bad Moms Christmas
8355,Ice Age: Dawn of the Dinosaurs
496327,Sui Dhaaga
223702,Sausage Party
41154,Men in Black 3
82690,Wreck-It Ralph
384677,Set It Up
10192,Shrek Forever After
271718,Trainwreck
350,The Devil Wears Prada
34544,The A-Team
454619,Overboard
390043,The Hitman's Bodyguard
10193,Toy Story 3
391713,Lady Bird
225886,Sex Tape
127380,Finding Dory
920,Cars
77338,The Intouchables
420814,Christopher Robin
120467,The Grand Budapest Hotel
371638,The Disaster Artist
401561,Mom and Dad
301337,Downsizing
502682,Book Club
57800,Ice Age: Continental Drift
194,Amélie
19908,Zombieland
224141,Into the Woods
10527,Madagascar: Escape 2 Africa
337170,American Made
232572,A Walk in the Woods
82702,How to Train Your Dragon 2
19913,(500) Days of Summer
443009,"Don't Worry, He Won't Get Far on Foot"
787,Mr. & Mrs. Smith
339404,The Layover
429203,The Old Man & the Gun
109439,The Hangover Part III
9880,The Princess Diaries
454992,The Spy Who Dumped Me
454283,Action Point
483435,All About Nina
278154,Ice Age: Collision Course
268531,Captain Underpants: The First Epic Movie
46195,Rio
11130,The Princess Diaries 2: Royal Engagement
118,Charlie and the Chocolate Factory
434355,Taxi 5
4247,Scary Movie
146216,RED 2
353616,Pitch Perfect 3
88751,Journey to the Center of the Earth
387592,Early Man
8363,Superbad
512584,TricOTri: Happy Halloween
463053,Ibiza
13053,Bolt
308266,War Dogs
1593,Night at the Museum
122906,About Time
297725,The Man Who Killed Don Quixote
40807,50/50
203801,The Man from U.N.C.L.E.
62213,Dark Shadows
13374,Ice Princess
22538,Scott Pilgrim vs. the World
43074,Ghostbusters
8321,In Bruges
1493,Miss Congeniality
238713,Spy
274167,Daddy's Home
11631,Mamma Mia!
399796,Life of the Party
112160,Sexual Chronicles of a French Family
418827,Sister's Younger Husband
459616,Alad'2
340022,Gringo
7443,Chicken Run
522811,The Accidental Detective 2: In Action
436931,Pokémon the Movie: I Choose You!
324849,The Lego Batman Movie
65057,The Descendants
419680,Daddy's Home 2
114150,Pitch Perfect
8274,American Pie Presents: Band Camp
2976,Hairspray
400579,Tully
62764,Mirror Mirror
810,Shrek the Third
50546,Just Go with It
296099,Vacation
462148,Love Addict
4638,Hot Fuzz
2698,Evan Almighty
442062,Goosebumps 2: Haunted Halloween
228967,The Interview
2770,American Pie 2
72105,Ted
399170,Logan Lucky
272693,The DUFF
324852,Despicable Me 3
325189,Teen Beach 2
472918,Wiro Sableng: 212 Warrior
492024,Vielmachglas
153518,The Angry Birds Movie
747,Shaun of the Dead
364689,Ferdinand
433310,When We First Met
302699,Central Intelligence
10555,Shark Tale
138832,We're the Millers
50544,Friends with Benefits
3981,What Women Want
419635,Kodachrome
80321,Madagascar 3: Europe's Most Wanted
4327,Charlie's Angels
4964,Knocked Up
1584,School of Rock
10661,You Don't Mess with the Zohan
1581,The Holiday
25195,Leap Year
400928,Gifted
1824,50 First Dates
487004,The Full House
39514,RED
227159,Horrible Bosses 2
228161,Home
243442,Un fantastico via vai
354861,Father Figures
353070,Going in Style
35554,Cado dalle nubi
38055,Megamind
10591,The Girl Next Door
137106,The Lego Movie
10625,Mean Girls
19994,Jennifer's Body
257211,The Intern
43593,Piranha 3D
37735,Easy A
9339,Click
196867,Annie
693,Meet the Fockers
100042,Dumb and Dumber To
45243,The Hangover Part II
109414,This Is the End
10679,Iron Sky
64688,21 Jump Street
8275,American Pie Presents: The Naked Mile
41513,The Smurfs
10054,Spy Kids
9522,Wedding Crashers
52449,Bad Teacher
86838,Seven Psychopaths
7446,Tropic Thunder
594,The Terminal
22705,Cheeky
10501,The Road to El Dorado
219318,The Volcano
211672,Minions
503619,The Package
18360,Night at the Museum: Battle of the Smithsonian
136799,Trolls
9928,Robots
7512,Idiocracy
5966,Along Came Polly
198277,Begin Again
1268,Mr. Bean's Holiday
18240,The Proposal
452773,Tad the Lost Explorer and the Secret of King Midas
1597,Meet the Parents
8277,American Pie Presents: Beta House
8961,Bad Boys II
402897,The Death of Stalin
507143,Candy Jar
456929,Champions
140300,Kung Fu Panda 3
22794,Cloudy with a Chance of Meatballs
59962,This Means War
49524,R.I.P.D.
82693,Silver Linings Playbook
489929,Destination Wedding
77930,Magic Mike
11619,Flushed Away
40794,Loose Cannons
490214,Iceman 2
22970,The Cabin in the Woods
41733,Due Date
2899,Asterix & Obelix: Mission Cleopatra
11451,Herbie Fully Loaded
2123,"Me, Myself & Irene"
286554,Two Night Stand
398798,The Night Watchmen
50022,Super Troopers 2
376659,Bad Moms
416051,Based on a True Story
50646,"Crazy, Stupid, Love."
193893,Let's Be Cops
107985,The World's End
87818,Movie 43
76493,The Dictator
77459,A Monster in Paris
10488,Nim's Island
134,"O Brother, Where Art Thou?"
7453,The Hitchhiker's Guide to the Galaxy
44896,Rango
4944,Burn After Reading
71552,American Reunion
1574,Chicago
375107,Duck Duck Goose
10313,The Men Who Stare at Goats
291870,Dirty Grandpa
